{
  "generator_loss": [
    1.9472813831875697,
    3.2657837690904623,
    4.031091506523854,
    4.49398526023416,
    4.9065458792859635,
    5.058979531993037,
    5.182488452443076,
    5.459286760491178,
    5.660357792359179,
    5.821885597980236,
    5.921661763544887,
    6.036288494344258,
    6.22619215362822,
    6.3655121588645995,
    6.469383709266058,
    6.590520297779756,
    6.7103054297854525,
    6.799970775614004,
    6.7950220254376115,
    6.518509287968316
  ],
  "discriminator_loss": [
    2.2197452911635493,
    1.3072026047255376,
    1.070207353138253,
    0.9283862740487394,
    0.8165857737021678,
    0.7254482864418907,
    0.6422119488191727,
    0.5580143906423808,
    0.47961826580564687,
    0.4110161845031602,
    0.349515295966202,
    0.2894400726346409,
    0.24077717405374702,
    0.19277284976542758,
    0.16769198907534485,
    0.14265290583910234,
    0.12151568619262837,
    0.10799919024986379,
    0.10485158479579575,
    0.10259047987134866
  ],
  "d_real_acc": [
    0.9274096867007673,
    0.9999000959079284,
    1.0,
    1.0,
    1.0,
    1.0,
    0.9999600383631714,
    0.9999800191815856,
    1.0,
    0.999940057544757,
    0.9999800191815856,
    1.0,
    1.0,
    1.0,
    0.9999000959079284,
    1.0,
    1.0,
    0.9999600383631714,
    0.9999200767263428,
    0.9991648018817463
  ],
  "d_fake_acc": [
    0.9702485613810742,
    1.0,
    1.0,
    1.0,
    1.0,
    1.0,
    1.0,
    1.0,
    1.0,
    1.0,
    1.0,
    1.0,
    1.0,
    1.0,
    1.0,
    1.0,
    1.0,
    1.0,
    1.0,
    0.9998401534526854
  ],
  "gradient_penalty": [
    0.0,
    0.0,
    0.0,
    0.0,
    0.0,
    0.0,
    0.0,
    0.0,
    0.0,
    0.0,
    0.0,
    0.0,
    0.0,
    0.0,
    0.0,
    0.0,
    0.0,
    0.0,
    0.0,
    0.0
  ]
}