{
  "FixMatch": {
    "final_accuracy": 67.38,
    "training_history": {
      "train_loss": [
        1.9767468025986576,
        1.7343191261022863,
        1.6173748197689863,
        1.5588500684415791,
        1.4575265713141,
        1.3289557242057692,
        1.2441936076526912,
        1.1749692021960942,
        1.1588328850101417,
        1.0665173538973634,
        1.0145214376315264,
        0.9874193324169642,
        0.9604502656090428,
        0.8774930456994285,
        0.8458585730740722,
        0.8153695279443768,
        0.7880371112219045,
        0.7371552909763766,
        0.7365552300298718,
        0.6660727258299438
      ],
      "train_accuracy": [
        26.822222222222223,
        35.77777777777778,
        40.75555555555555,
        45.022222222222226,
        49.4,
        53.51111111111111,
        57.48888888888889,
        59.24444444444445,
        60.4,
        63.422222222222224,
        65.33333333333333,
        65.71111111111111,
        66.91111111111111,
        70.4,
        71.04444444444445,
        72.11111111111111,
        73.17777777777778,
        75.2,
        74.73333333333333,
        77.17777777777778
      ],
      "test_accuracy": [
        31.41,
        40.28,
        39.75,
        48.25,
        51.89,
        56.05,
        53.08,
        56.86,
        57.82,
        57.16,
        63.12,
        59.72,
        61.07,
        63.55,
        62.07,
        66.02,
        65.08,
        67.31,
        65.33,
        67.38
      ],
      "pseudo_label_usage": [
        0.022007042253521125,
        0.06602112676056338,
        0.3961267605633803,
        3.257042253521127,
        6.029929577464789,
        8.20862676056338,
        10.277288732394366,
        13.710387323943662,
        15.22887323943662,
        16.923415492957748,
        18.441901408450704,
        21.148767605633804,
        21.566901408450704,
        24.009683098591548,
        24.801936619718308,
        27.288732394366196,
        29.533450704225352,
        29.599471830985916,
        31.338028169014084,
        33.01056338028169
      ]
    }
  }
}